name,team,Pos,wRC,oWAR,offWAR,atBats,plateAppearances,hits,doubles,triples,homeRuns,walks,hitByPitch,sacFlies,sacBunts,intentionalWalks,strikeouts,doublePlays,steals,caughtStealing,runs,rbis,avg,obp,slg,ops,wOBA,wRAA,wSB,spd,ubr,PosAdj
김도영,Tigers (KBO),3루,167.2244157,9.406401149,9.169317816,496,569,171,27,8,35,55,6,5,1,6,104,7,38,4,128,100,0.344758065,0.419014085,0.643145161,1.062159246,0.444875251,51.3782572,5.298243463,8.680843419,6.566677496,0.237083333
로하스,Wiz (KBO),좌익,158.9719708,6.735851788,7.507101788,529,617,175,38,1,30,70,6,4,0,8,105,10,2,1,100,104,0.330812854,0.419773096,0.576559546,0.996332642,0.432826032,48.87321081,-0.09949848,3.227656576,-4.55269446,-0.77125
송성문,Heroes (KBO),3루,148.33367,7.006531385,6.779448052,476,545,163,27,3,17,56,3,8,0,2,72,5,18,0,77,96,0.342436975,0.411009174,0.518907563,0.929916737,0.417293276,35.3823228,3.693919537,5.998144445,1.46823818,0.227083333
김혜성,Heroes (KBO),2루,124.0295116,4.893823745,4.679240411,464,515,151,24,4,11,39,4,6,0,2,58,6,27,6,80,69,0.325431034,0.380582524,0.465517241,0.846099766,0.381807293,16.62234294,1.900137084,6.718376469,2.519924089,0.214583333
홍창기,Twins (KBO),우익,136.3857784,4.481324037,5.217574037,482,589,156,14,3,4,88,12,3,1,3,90,8,10,11,86,65,0.323651452,0.44047619,0.390041494,0.830517684,0.399848415,28.78637846,-4.442802263,4.581076816,-1.61783583,-0.73625
박민우,Dinos (KBO),2루,130.0982115,4.995367754,4.792451088,420,487,140,25,2,8,47,9,3,4,4,73,4,31,7,72,47,0.333333333,0.414078675,0.45952381,0.873602484,0.390668072,19.68836795,2.106182384,6.289761066,1.779960547,0.202916667
오스틴,Twins (KBO),1루,153.0275766,5.312553567,6.472970233,487,557,155,30,3,31,50,3,11,0,6,76,8,12,8,93,121,0.318275154,0.384201077,0.583162218,0.967363295,0.424146749,39.67318259,-2.300116026,4.991580178,-0.493364229,-1.160416667
구자욱,Lions (KBO),좌익,150.6774373,5.524095131,6.186595131,461,530,152,37,1,28,47,11,6,2,3,71,6,12,4,84,101,0.329718004,0.403409091,0.596529284,0.999938375,0.420715361,36.07701361,0.088583168,4.808040158,-0.79964547,-0.6625
김지찬,Lions (KBO),중견,115.3520519,4.859491318,4.645741318,432,513,136,16,3,3,57,9,1,12,2,38,5,40,4,96,32,0.314814815,0.407185629,0.386574074,0.793759703,0.369137519,10.57849439,5.707903758,7.683215075,4.52101503,0.21375
김주원,Dinos (KBO),유격,97.02315304,2.529162678,2.001662678,337,422,82,15,1,9,46,24,5,9,1,100,3,14,5,55,43,0.243323442,0.370460048,0.37388724,0.744347289,0.342375885,-1.687364953,-0.117715243,5.905991126,0.721706971,0.5275
최정,Landers (KBO),3루,147.6563488,5.802336102,5.595669435,416,496,120,21,2,35,52,20,7,0,1,103,10,5,1,83,96,0.288461538,0.389112903,0.600961538,0.990074442,0.416304334,31.74991072,0.474740733,4.498889113,-1.067957105,0.206666667
강승호,Bears (KBO),2루,106.239996,3.626292048,3.401292048,497,540,141,32,7,16,26,7,4,2,4,157,8,16,5,74,75,0.283702213,0.330855019,0.472837022,0.803692041,0.355833201,4.526037378,0.277991293,6.751014387,2.208891811,0.225
박동원,Twins (KBO),포수,110.5116763,3.448330142,2.492080142,395,459,106,20,0,16,53,0,7,2,2,104,12,1,0,53,73,0.26835443,0.352297593,0.440506329,0.792803922,0.36207019,6.480741979,0.266012018,1.984659448,-4.775952577,0.95625
에레디아,Landers (KBO),좌익,135.7118039,4.165356014,4.839106014,494,539,176,27,1,16,22,12,8,0,3,68,11,4,3,70,103,0.356275304,0.395176252,0.512145749,0.907322001,0.398864359,25.85476645,-0.902435006,3.3491499,-3.511271303,-0.67375
권희동,Dinos (KBO),좌익,133.2601776,3.913045489,4.538045489,407,500,122,22,1,13,74,10,6,2,1,63,10,4,0,66,75,0.2997543,0.415662651,0.454545455,0.870208105,0.395284792,22.33750351,0.891236122,3.730439006,-2.848284746,-0.625
소크라테스,Tigers (KBO),좌익,116.7063041,3.490655059,4.203155059,522,570,160,28,3,24,35,4,5,0,4,87,6,13,4,87,92,0.30651341,0.356140351,0.509578544,0.865718895,0.371114834,12.79072922,0.288583168,5.542886627,0.452238195,-0.7125
허경민,Bears (KBO),3루,127.0682965,4.08722044,3.898887107,397,452,127,28,0,7,32,17,6,0,0,23,8,5,0,68,60,0.319899244,0.389380531,0.443324937,0.832705468,0.386244158,16.43385406,1.075672313,4.54114662,-1.120655304,0.188333333
박찬호,Tigers (KBO),유격,89.23703521,2.094025662,1.430275662,473,531,142,22,1,4,43,1,6,7,1,38,8,16,12,78,56,0.300211416,0.356870229,0.376321353,0.733191582,0.331007541,-7.676557486,-3.880764975,4.87258401,-0.689920922,0.66375
이재현,Lions (KBO),유격,106.966344,2.863498688,2.340998688,358,418,94,17,1,14,50,6,3,0,1,76,8,2,0,64,62,0.262569832,0.361244019,0.432960894,0.794204913,0.356893726,3.911301236,0.463328602,3.855028277,-1.864642956,0.5225
레이예스,Giants (KBO),우익,134.8379899,4.603986776,5.308986776,512,564,180,35,2,14,39,1,10,0,2,72,14,5,0,79,99,0.3515625,0.393617021,0.509765625,0.903382646,0.397588522,26.39199733,1.090699439,4.025845447,-2.592829007,-0.705
도슨,Heroes (KBO),좌익,142.7775411,3.780225544,4.316475544,382,429,126,31,2,11,39,6,2,0,0,54,10,2,2,69,57,0.329842932,0.398601399,0.507853403,0.906454802,0.409180891,24.64978725,-0.726190847,3.825235008,-2.208840955,-0.53625
문상철,Wiz (KBO),1루,112.3543343,1.497953043,2.275036376,320,373,85,9,0,17,40,7,3,1,2,81,8,4,1,48,57,0.265625,0.360215054,0.453125,0.813340054,0.364760616,6.189680722,0.259713607,3.123345934,-2.349030565,-0.777083333
데이비슨,Dinos (KBO),1루,138.3944234,3.746975375,4.834475375,464,522,138,21,0,43,31,15,7,0,5,129,12,0,1,85,110,0.297413793,0.362068966,0.620689655,0.982758621,0.402781194,26.92022708,-0.53277283,2.091727156,-4.142700497,-1.0875
강민호,Lions (KBO),포수,118.9525923,3.865748996,2.963665662,385,433,118,18,1,17,33,7,6,0,2,50,16,3,0,45,75,0.306493506,0.369515012,0.490909091,0.860424102,0.374394591,11.02291813,0.665475335,2.556554519,-3.701736845,0.902083333
오지환,Twins (KBO),유격,112.4143998,3.24357274,2.75482274,336,391,88,24,2,9,48,4,1,2,0,94,8,16,4,61,54,0.261904762,0.359897172,0.425595238,0.78549241,0.364848316,6.519924259,0.867652528,5.77488376,0.610650614,0.48875
페라자,Eagles (KBO),좌익,125.3998418,3.165669638,3.784419638,432,495,122,24,0,23,55,2,2,0,4,123,5,7,5,74,65,0.282407407,0.36969697,0.497685185,0.867382155,0.383808083,16.88792439,-1.515031828,3.789075937,-2.278696181,-0.61875
박성한,Landers (KBO),유격,99.70046071,3.118767568,2.476267568,444,514,126,22,0,8,57,1,6,3,3,79,10,11,2,69,57,0.283783784,0.365949119,0.387387387,0.753336507,0.346284965,-0.206803069,1.088299596,4.244998909,-1.818820849,0.6425
김영웅,Lions (KBO),3루,97.50645934,2.515860078,2.317110078,428,477,110,15,3,25,41,3,4,1,0,147,2,9,2,61,72,0.257009346,0.323529412,0.481308411,0.804837823,0.34308155,-1.597625189,0.665222224,5.482858355,0.25350375,0.19875
손호영,Giants (KBO),3루,139.6656973,3.895976944,3.745560278,335,361,111,21,4,17,13,7,3,1,2,52,4,7,4,63,71,0.331343284,0.369444444,0.570149254,0.939593698,0.404637354,19.23367891,-0.940934401,6.338284866,1.112858271,0.150416667
양의지,Bears (KBO),포수,126.7866952,4.528041992,3.567625325,411,461,130,16,1,16,30,9,6,0,5,55,13,2,1,53,91,0.316301703,0.377440347,0.476885645,0.854325992,0.385832998,16.58670523,-0.124185901,2.68634817,-3.836266081,0.960416667
문보경,Twins (KBO),3루,120.6027521,4.049134936,3.82121827,473,547,137,32,3,18,54,2,12,3,3,106,11,7,6,68,83,0.289640592,0.360294118,0.484143763,0.844437881,0.376803955,15.13744674,-2.107913162,4.003507563,-2.167350883,0.227916667
박건우,Dinos (KBO),우익,144.9078835,3.487617726,3.940117726,323,362,111,23,1,13,30,4,2,0,3,54,7,4,0,58,53,0.343653251,0.408839779,0.541795666,0.950635445,0.412291358,21.83590639,0.857961772,4.215297023,-1.392690898,-0.4525
문성주,Twins (KBO),좌익,128.3773209,2.392666024,2.808916024,278,333,89,16,2,0,49,2,3,1,0,34,4,13,7,44,47,0.320143885,0.421686747,0.392086331,0.813773078,0.388155437,12.69274896,-1.514748255,5.477778269,0.261159534,-0.41625
윤동희,Giants (KBO),중견,115.376492,3.816420346,3.586420346,484,552,143,34,3,12,56,4,5,2,1,101,10,7,6,88,73,0.295454545,0.370909091,0.452479339,0.82338843,0.369173204,11.4008284,-2.100399599,4.709065267,-1.036225334,0.23
장성우,Wiz (KBO),포수,98.49698335,2.850415857,1.923332524,384,445,100,16,0,15,52,0,6,2,1,82,7,4,0,44,65,0.260416667,0.34537246,0.419270833,0.764643294,0.344527793,-0.898387849,0.864938652,3.116662192,-2.983225563,0.927083333
정수빈,Bears (KBO),중견,98.6941856,3.584483623,3.351566956,472,559,133,20,3,4,64,7,6,9,1,65,8,46,10,88,42,0.281779661,0.372727273,0.362288136,0.735015408,0.344815724,-0.980467782,3.323244918,7.029991816,3.222892423,0.232916667
강백호,Wiz (KBO),지명,117.3928091,2.326718177,4.009634844,517,577,150,24,0,25,51,3,2,0,4,121,6,6,2,85,92,0.290135397,0.360485269,0.481624758,0.842110027,0.372117185,13.47986704,0.088836279,3.973726095,-2.322354878,-1.682916667
고승민,Giants (KBO),2루,106.3007155,2.846812234,2.651812234,424,468,127,24,3,11,36,1,7,0,0,69,9,5,2,69,69,0.299528302,0.35042735,0.448113208,0.798540558,0.355921856,3.960735049,-0.12672753,4.801163059,-0.715885181,0.195
이성규,Lions (KBO),우익,108.9105214,1.765083687,2.183833687,284,335,70,10,1,21,29,15,3,4,0,102,4,9,2,54,54,0.246478873,0.344410876,0.51056338,0.854974256,0.359732378,4.009479418,0.649658415,5.843155425,0.42919904,-0.41875
노시환,Eagles (KBO),3루,108.9504195,3.747069045,3.517485712,485,551,130,17,2,24,45,11,3,0,7,121,8,6,0,87,84,0.268041237,0.350272232,0.459793814,0.810066047,0.359790632,6.62422467,1.276745679,5.103664638,-0.27611323,0.229583333
라모스,Bears (KBO),우익,120.924037,2.086980287,2.521980287,311,348,95,19,3,10,26,3,6,1,1,60,5,3,3,43,48,0.305466238,0.360230548,0.482315113,0.84254566,0.377273056,9.780584031,-1.142149553,4.527381671,-0.818631611,-0.435
최원준,Tigers (KBO),중견,107.3962838,3.160805389,2.962472056,412,476,120,22,3,9,47,8,3,6,0,62,6,21,8,73,54,0.291262136,0.372340426,0.424757282,0.797097707,0.357521472,4.728904965,-0.501726076,6.343447624,1.597541666,0.198333333
김휘집,Dinos (KBO),유격,91.18722919,2.277660253,1.645160253,444,506,117,22,1,16,41,9,7,4,1,109,16,4,2,73,69,0.263513514,0.334661355,0.425675676,0.76033703,0.333854977,-5.989672245,-0.325654164,3.48191555,-2.533071058,0.6325
이주형,Heroes (KBO),우익,109.7029677,2.455517013,3.051767013,421,477,117,18,3,12,42,12,1,0,1,108,4,2,0,76,54,0.277909739,0.360587002,0.420427553,0.781014556,0.360889412,6.216744643,0.474062264,5.262786886,-0.023136781,-0.59625
김재환,Bears (KBO),지명,126.7002412,2.40835352,3.88710352,432,507,116,20,0,26,57,6,9,0,3,156,8,1,1,68,81,0.268518519,0.358974359,0.49537037,0.854344729,0.385706768,18.18290248,-0.32579595,2.368304861,-4.336071328,-1.47875
신민재,Twins (KBO),2루,105.4979908,3.297133548,3.107966881,372,454,111,10,6,0,61,4,3,13,1,44,7,32,10,74,40,0.298387097,0.401360544,0.357526882,0.758887426,0.354749815,3.35274038,0.514121306,8.047013174,4.512807124,0.189166667
김상수,Wiz (KBO),유격,90.12887822,1.886647965,1.386647965,352,400,98,15,4,4,34,6,1,7,0,54,11,3,2,58,43,0.278409091,0.351145038,0.377840909,0.728985947,0.332309701,-5.303548773,-0.532631044,5.042435297,-0.297340532,0.5
최형우,Tigers (KBO),지명,117.3778327,1.805908762,3.165075428,408,466,115,23,2,21,44,5,5,0,4,81,5,1,1,66,105,0.281862745,0.360515021,0.50245098,0.862966002,0.372095319,10.87731221,-0.333846196,3.723305145,-2.192711729,-1.359166667
서호철,Dinos (KBO),3루,91.40545113,1.713109362,1.498942695,460,514,132,16,2,9,30,16,2,6,0,87,13,1,3,61,55,0.286956522,0.350393701,0.389130435,0.739524136,0.334173598,-5.933709358,-1.510485252,3.100834221,-3.266378438,0.214166667
최지훈,Landers (KBO),중견,97.08776979,3.47577378,3.257857114,465,523,127,21,7,11,48,2,2,6,0,68,5,32,5,86,47,0.27311828,0.342359768,0.419354839,0.761714607,0.342470231,-2.045820174,3.488188271,8.414396601,4.986203039,0.217916667
한준수,Tigers (KBO),포수,105.2866368,1.998683468,1.390350134,266,292,82,21,0,7,17,2,6,0,1,46,6,0,0,37,40,0.308270677,0.349315068,0.466165414,0.815480482,0.354441221,2.073492136,0.039177864,2.257808389,-2.809168656,0.608333333
김민혁,Wiz (KBO),좌익,114.1414888,1.680805665,2.117055665,310,349,105,12,1,1,32,1,3,2,1,42,9,4,2,39,29,0.338709677,0.400576369,0.393548387,0.794124756,0.367370002,6.629192429,-0.327800896,3.366690303,-2.580834883,-0.43625
안치홍,Eagles (KBO),지명,113.1075196,1.507581354,2.962998021,441,499,132,17,0,12,46,6,4,1,1,68,8,3,2,61,59,0.299319728,0.371485944,0.419501134,0.790987078,0.365860326,8.785391638,-0.511163721,3.100087903,-3.594247707,-1.455416667
황성빈,Giants (KBO),중견,107.5079946,3.388261229,3.243261229,315,348,100,13,7,4,24,2,1,6,0,49,2,48,8,83,24,0.317460317,0.368421053,0.441269841,0.809690894,0.357684579,3.509483939,4.877343285,11.21215651,6.645785068,0.145
나성범,Tigers (KBO),우익,118.1232456,2.166294848,2.683794848,366,414,108,17,1,20,35,4,7,0,1,95,8,0,0,48,79,0.295081967,0.358353511,0.510928962,0.869282473,0.37318368,10.07804706,0.058498455,2.053744822,-3.99859703,-0.5175
양석환,Bears (KBO),1루,107.3925746,1.812411956,2.962411956,497,552,123,24,1,29,45,6,3,0,1,123,15,5,3,74,94,0.247484909,0.317028986,0.474849095,0.79187808,0.357516056,5.481190011,-0.727122427,3.285757059,-2.729948019,-1.15
전준우,Giants (KBO),지명,122.2659778,1.89575633,3.117839664,372,419,109,23,2,16,38,4,4,1,0,77,10,3,1,49,74,0.293010753,0.361244019,0.494623656,0.855867675,0.379232395,12.5312923,0.061860339,3.459376763,-2.364756009,-1.222083333
김선빈,Tigers (KBO),2루,107.4230493,2.547691682,2.363525015,399,442,126,22,0,9,30,5,0,7,0,38,13,5,1,45,54,0.315789474,0.370967742,0.438596491,0.809564233,0.357560552,4.407016548,0.472594001,2.987762039,-3.344360398,0.184166667
이지영,Landers (KBO),포수,66.8896192,1.017298112,0.213131445,359,386,99,10,1,4,15,5,2,5,0,31,8,7,1,39,43,0.275766017,0.312335958,0.342618384,0.654954342,0.298378555,-17.1668869,0.858640241,4.489026376,-0.860438882,0.804166667
최인호,Eagles (KBO),좌익,94.31252598,0.708134979,0.976884979,183,215,49,11,2,1,23,3,2,4,0,30,3,2,0,30,17,0.267759563,0.355450237,0.366120219,0.721570456,0.338418156,-1.642471914,0.432737667,5.600369197,0.228584039,-0.26875
박해민,Twins (KBO),중견,75.08771661,1.421872988,1.208956321,443,511,112,12,6,4,43,11,9,5,0,96,3,38,13,62,52,0.25282167,0.328063241,0.334085779,0.66214902,0.310348422,-17.09914919,-0.085990019,7.977479569,3.724702417,0.212916667
김기연,Bears (KBO),포수,95.43943125,1.347107947,0.799191281,234,263,67,10,0,5,21,2,3,3,0,46,5,0,2,31,31,0.286324786,0.346153846,0.393162393,0.739316239,0.340063527,-1.611071524,-1.154098367,2.324200955,-2.392917302,0.547916667
서건창,Tigers (KBO),1루,120.6889539,1.331932321,1.825682321,192,237,58,13,1,1,36,3,3,3,0,29,2,3,1,38,24,0.302083333,0.414529915,0.395833333,0.810363248,0.376929816,6.586079109,0.046833213,5.032670807,-0.226089116,-0.49375
정준재,Landers (KBO),2루,104.3898947,1.43390476,1.35140476,178,198,54,5,4,1,16,2,0,2,0,47,1,14,5,35,16,0.303370787,0.367346939,0.393258427,0.760605366,0.353131907,1.167506652,-0.152599643,9.339577027,2.599140595,0.0825
이용규,Heroes (KBO),중견,126.2302883,1.914198302,1.819614968,183,227,56,5,2,1,31,9,1,3,0,33,4,2,2,27,12,0.306010929,0.428571429,0.371584699,0.800156128,0.3850206,7.99777141,-0.747121487,4.796871942,-0.40450024,0.094583333
윤정빈,Lions (KBO),우익,123.5445827,0.952129114,1.162129114,143,168,42,4,1,6,20,3,2,0,0,41,1,1,3,23,19,0.293706294,0.386904762,0.461538462,0.848443223,0.381099259,5.313006465,-1.56254351,4.27998245,-0.52917182,-0.21
박준영,Bears (KBO),유격,96.62914198,1.206114154,0.953614154,176,202,41,8,2,7,21,3,1,1,0,53,3,2,0,25,27,0.232954545,0.323383085,0.420454545,0.74383763,0.341800598,-0.914601472,0.425760787,5.142023882,-0.07501778,0.2525
최재훈,Eagles (KBO),포수,93.83196999,1.732646648,1.057646648,257,324,63,10,0,4,33,21,6,7,0,54,9,0,0,31,34,0.245136187,0.369085174,0.3307393,0.699824473,0.337716507,-2.684303106,0.055278356,2.023519003,-2.994508775,0.675
구본혁,Twins (KBO),유격,76.05949295,0.888007732,0.439257732,316,359,81,14,1,2,34,3,4,2,0,49,6,6,4,45,40,0.256329114,0.330532213,0.325949367,0.65648158,0.311767292,-11.54430677,-1.134494204,4.472344883,-0.87862171,0.44875
채은성,Eagles (KBO),1루,112.9868797,1.67685461,2.61435461,399,450,109,22,0,19,41,6,3,0,1,77,11,1,1,57,78,0.273182957,0.348888889,0.471177945,0.820066834,0.365684182,7.849778427,-0.335456245,2.323628941,-3.870776087,-0.9375
황영묵,Eagles (KBO),2루,95.53233202,1.355333042,1.206166375,325,358,96,7,4,3,25,4,1,3,0,49,4,3,7,46,33,0.295384615,0.352112676,0.369230769,0.721343445,0.340199169,-2.148344789,-3.520651769,5.125861568,-0.169339689,0.149166667
정훈,Giants (KBO),1루,107.960572,0.923207673,1.55237434,262,302,71,19,0,9,35,0,4,1,0,57,2,1,1,30,45,0.270992366,0.352159468,0.446564885,0.798724354,0.358345377,3.229172777,-0.355313519,2.726215826,-2.45011586,-0.629166667
김현수,Twins (KBO),좌익,107.1929251,2.436340633,3.113840633,482,542,143,34,2,7,42,8,9,0,1,71,10,6,1,57,64,0.296680498,0.357933579,0.419087137,0.777020716,0.357224552,5.236545598,0.683327662,4.221415953,-1.881466931,-0.6775
조수행,Bears (KBO),좌익,57.66777712,0.413195273,0.848195273,302,348,80,3,2,0,27,2,4,12,1,52,2,61,8,55,29,0.264900662,0.327380952,0.28807947,0.615460423,0.28491394,-19.78747521,7.478416651,8.669431132,3.391011286,-0.435
이도윤,Eagles (KBO),유격,78.52404564,1.059938571,0.633688571,306,341,85,8,3,1,24,3,3,5,0,47,4,6,4,41,42,0.277777778,0.333333333,0.333333333,0.666666667,0.315365733,-9.836643165,-1.135030887,5.527035003,0.258559763,0.42625
제러드,Bears (KBO),우익,191.7504362,2.028463072,2.188463072,108,128,34,11,1,9,16,3,1,0,0,29,0,0,0,22,28,0.314814815,0.4140625,0.685185185,1.099247685,0.48068517,15.77459337,0.017173858,4.529306412,-0.307136508,-0.16
오태곤,Landers (KBO),1루,94.43564284,0.771105753,1.304439086,220,256,59,14,0,6,26,1,3,4,2,64,4,22,4,33,27,0.268181818,0.349206349,0.413636364,0.762842713,0.338597917,-1.913352683,2.046721888,5.422603818,0.111021658,-0.533333333
맥키넌,Lions (KBO),1루,106.1339893,0.861669332,1.517919332,272,315,80,13,0,4,36,1,3,0,3,33,6,1,0,28,36,0.294117647,0.380952381,0.386029412,0.766981793,0.355678423,2.595336243,0.253668307,2.304670947,-3.419811234,-0.65625
손아섭,Dinos (KBO),지명,81.0901194,-0.214945532,0.800054468,326,348,95,16,0,7,16,0,4,2,0,62,1,6,2,45,50,0.291411043,0.320809249,0.404907975,0.725717224,0.319112403,-8.839101,0.052878513,4.677211188,-0.613232832,-1.015
김헌곤,Lions (KBO),좌익,96.99741269,0.739702197,1.089702197,254,280,75,7,0,8,19,3,0,4,0,45,4,3,2,37,28,0.295275591,0.351449275,0.417322835,0.76877211,0.342338302,-1.129259473,-0.550341585,3.583923449,-1.423376974,-0.35
이유찬,Bears (KBO),3루,99.16816985,1.134097886,1.035764553,207,236,61,10,0,3,22,1,1,5,0,44,8,15,6,35,20,0.29468599,0.363636364,0.38647343,0.750109794,0.345507778,-0.263685792,-0.544944293,4.422035536,-0.633724389,0.098333333
김태군,Tigers (KBO),포수,75.34599294,0.715718476,0.18030181,225,257,59,6,0,7,11,11,1,9,0,23,12,0,0,23,33,0.262222222,0.326612903,0.382222222,0.708835125,0.310725526,-8.510610309,0.036494449,1.194505495,-2.572866042,0.535416667
나승엽,Giants (KBO),1루,127.1123875,2.755502274,3.647168941,356,428,107,31,4,6,58,4,7,2,1,75,3,1,0,51,58,0.300561798,0.399061033,0.460674157,0.85973519,0.386308534,15.58660745,0.268695433,4.788661424,-0.783613476,-0.891666667
추신수,Landers (KBO),지명,108.575451,0.983681034,1.861597701,252,301,71,14,1,5,37,4,6,2,0,68,2,5,1,40,37,0.281746032,0.37458194,0.404761905,0.779343845,0.359243149,3.467077366,0.452200044,4.932046907,-0.353300398,-0.877916667
장진혁,Eagles (KBO),중견,99.14195861,1.441217023,1.32038369,254,290,68,13,0,9,27,3,1,5,0,60,6,13,6,52,41,0.267716535,0.343859649,0.42519685,0.7690565,0.345469508,-0.334230672,-0.942260878,5.253830409,-0.01967155,0.120833333
이창진,Tigers (KBO),좌익,106.5672055,0.777693668,1.057693668,169,224,44,8,0,1,44,2,4,5,0,32,5,4,3,32,13,0.26035503,0.410958904,0.325443787,0.736402691,0.356310952,1.975916971,-0.948053067,3.313030295,-1.650927223,-0.28
신본기,Wiz (KBO),유격,90.43161163,0.697515043,0.508765043,121,151,34,3,0,3,16,3,2,9,0,28,3,2,0,18,19,0.280991736,0.373239437,0.380165289,0.753404726,0.332751716,-1.940688388,0.425224104,3.263770294,-0.94688529,0.18875
김태연,Eagles (KBO),우익,117.483213,2.427618938,2.983868938,387,445,116,23,0,12,44,4,4,6,0,80,8,5,2,56,61,0.299741602,0.37357631,0.452196382,0.825772692,0.372249182,10.45012113,-0.125117481,3.404231987,-2.736314274,-0.55625
박승욱,Giants (KBO),유격,89.81189013,1.664897598,1.147397598,358,414,94,16,1,7,38,9,3,3,3,110,6,4,4,46,48,0.262569832,0.350364964,0.37150838,0.721873343,0.331846874,-5.665444986,-1.525907275,3.637555525,-2.034671758,0.5175
오윤석,Wiz (KBO),2루,106.9938445,0.906570727,0.838237393,142,164,39,7,2,5,17,1,2,2,0,34,7,0,1,25,22,0.274647887,0.351851852,0.457746479,0.809598331,0.356933879,1.540635454,-0.574097427,3.71009166,-0.784164093,0.068333333
디아즈,Lions (KBO),1루,121.0828638,0.36224942,0.51224942,67,72,20,2,0,5,3,2,0,0,0,16,1,0,0,10,14,0.298507463,0.347222222,0.552238806,0.899461028,0.377504955,2.03892929,0.009660295,2.355667702,-0.526095386,-0.15
김형준,Dinos (KBO),포수,64.66556634,0.568048477,-0.23611819,327,386,65,12,0,16,44,2,6,7,0,137,6,0,0,38,48,0.198776758,0.292875989,0.382262997,0.675138986,0.295131263,-18.32000152,0.044544695,1.637855248,-3.385725076,0.804166667
이형종,Heroes (KBO),우익,98.61632346,0.407297271,0.564797271,102,126,22,3,0,4,21,1,0,1,1,27,1,1,0,19,19,0.215686275,0.36,0.362745098,0.722745098,0.344702039,-0.234177512,0.219857274,3.684152211,-0.637707054,-0.1575
김건희,Heroes (KBO),포수,84.54292054,0.920414673,0.441248006,213,230,56,12,0,7,14,0,3,0,0,63,6,0,0,24,29,0.262910798,0.304347826,0.417840376,0.722188202,0.324153764,-4.775241513,0.027370837,1.564690865,-2.339649258,0.479166667
천재환,Dinos (KBO),우익,101.5059911,0.847456126,1.083706126,169,189,51,8,1,3,13,4,1,2,0,38,5,8,1,25,27,0.301775148,0.363636364,0.414201183,0.777837547,0.348921181,0.382317586,1.032879453,5.231526876,-0.028135782,-0.23625
조대현,Wiz (KBO),포수,93.98929253,0.166742881,0.091742881,30,36,10,2,0,0,3,0,0,3,0,11,1,0,0,2,2,0.333333333,0.393939394,0.4,0.793939394,0.33794621,-0.290648549,0.005903514,0.679757085,-0.597826159,0.075
박상언,Eagles (KBO),포수,128.5077651,0.548087352,0.439754018,42,52,12,3,0,0,9,1,0,0,0,12,0,1,0,4,4,0.285714286,0.423076923,0.357142857,0.78021978,0.388345895,1.991161932,0.210196978,3.355473525,-0.403818727,0.108333333
박병호,Lions (KBO),1루,102.506155,0.977138177,1.74797151,315,370,75,7,0,20,46,7,2,0,0,110,13,4,0,46,60,0.238095238,0.345945946,0.450793651,0.796739597,0.350381499,1.245517174,0.85420499,2.189303941,-3.120007064,-0.770833333
배정대,Wiz (KBO),중견,89.16527252,1.372252426,1.193502426,367,429,98,22,1,7,44,3,7,7,1,101,3,8,6,44,53,0.267029973,0.345971564,0.389645777,0.735617341,0.330902761,-6.243316478,-1.921330238,4.239705215,-1.350329021,0.17875
전다민,Bears (KBO),좌익,187.9578152,0.437334025,0.471084025,21,27,8,2,0,0,6,0,0,0,0,7,0,1,0,7,1,0.380952381,0.518518519,0.476190476,0.994708995,0.475147645,3.189908775,0.206440197,5.024786099,-0.035508725,-0.03375
박정우,Tigers (KBO),중견,101.8585233,0.249004236,0.228170903,46,50,14,3,1,0,4,0,0,0,0,9,2,0,1,12,9,0.304347826,0.36,0.413043478,0.773043478,0.349435906,0.124818247,-0.589661236,6.728725813,0.246552014,0.020833333
김태진,Heroes (KBO),유격,15.49215809,-0.871793456,-1.079293456,156,166,34,5,1,0,4,0,0,5,1,22,1,0,0,20,7,0.217948718,0.242236025,0.262820513,0.505056538,0.223334219,-18.84278814,0.017173858,4.592983232,-0.26732028,0.2075
김동혁,Giants (KBO),중견,60.35775296,0.062363666,0.055280333,15,17,3,0,1,0,2,0,0,0,0,5,0,3,1,6,1,0.2,0.294117647,0.333333333,0.62745098,0.288841517,-0.905205639,0.004971934,20.35434565,0.603037032,0.007083333
전민재,Bears (KBO),유격,57.05589014,0.072171079,-0.249078921,234,257,60,5,1,2,14,2,3,3,1,52,8,6,2,32,32,0.256410256,0.303149606,0.311965812,0.615115418,0.284020537,-14.82438872,0.042144852,4.491736259,-0.558545347,0.32125
심우준,Wiz (KBO),유격,76.01277499,0.482494519,0.288744519,134,155,34,2,0,3,16,1,0,4,0,26,3,6,1,18,24,0.253731343,0.337748344,0.335820896,0.67356924,0.31169908,-4.994037198,0.627512623,4.200093249,-0.496030235,0.19375
변상권,Heroes (KBO),좌익,65.2093897,-0.376876747,-0.106876747,204,216,52,3,1,5,10,1,1,0,0,47,4,0,0,14,20,0.254901961,0.291666667,0.352941176,0.644607843,0.295925288,-10.09382717,0.028980886,2.113645837,-1.803921185,-0.27
권광민,Eagles (KBO),1루,315.1567545,0.2239049,0.238488233,7,7,3,0,0,2,0,0,0,0,0,2,0,0,0,3,3,0.428571429,0.428571429,1.285714286,1.714285714,0.660868103,2.022986993,0.000536683,6.414285714,0.011358659,-0.014583333
김현준,Lions (KBO),우익,49.38974173,-0.572995258,-0.329245258,174,195,41,10,1,0,10,4,3,4,0,46,4,2,0,23,11,0.235632184,0.287958115,0.304597701,0.592555816,0.272827357,-13.25602244,0.423614055,4.866568494,-0.21004419,-0.24375
류지혁,Lions (KBO),2루,80.85523426,0.895694642,0.762777976,277,319,73,9,1,3,30,5,2,5,0,65,4,11,4,40,35,0.263537906,0.343949045,0.335740072,0.679689117,0.318769452,-8.20315288,-0.137714303,5.297843742,0.018646939,0.132916667
신윤후,Giants (KBO),우익,12.0674609,-0.258163494,-0.218163494,28,32,5,0,0,0,1,2,0,1,0,5,1,0,0,4,1,0.178571429,0.258064516,0.178571429,0.436635945,0.218333891,-3.779546196,0.004293465,5.172049689,-0.006382209,-0.04
강현우,Wiz (KBO),포수,147.2459146,0.441247585,0.366247585,26,36,8,1,0,1,8,0,0,2,0,10,0,0,0,4,8,0.307692308,0.470588235,0.461538462,0.932126697,0.415705068,2.284582403,0.007513563,2.414285714,-0.42962012,0.075
이정훈,Giants (KBO),지명,92.63209935,-0.028015114,0.275318219,90,104,27,7,0,0,10,0,2,1,1,20,3,0,0,10,18,0.3,0.368932039,0.377777778,0.746709817,0.335964601,-1.029241208,0.016100492,1.505585392,-1.433677093,-0.303333333
변우혁,Tigers (KBO),1루,105.0596745,0.477757609,0.798590942,142,154,42,8,2,4,9,2,1,0,0,44,8,1,0,18,15,0.295774648,0.344155844,0.464788732,0.808944577,0.354109839,1.046606345,0.22093064,3.189850571,-0.98162756,-0.320833333
최정원,Dinos (KBO),중견,84.42574985,0.449901536,0.395318203,108,131,28,3,0,0,17,3,2,1,0,28,1,7,3,29,12,0.259259259,0.369230769,0.287037037,0.656267806,0.323982685,-2.740428701,-0.367373658,6.495049331,0.510984384,0.054583333
홍종표,Tigers (KBO),2루,87.89164676,0.608421851,0.561755184,102,112,31,4,3,0,6,1,0,3,0,29,0,5,2,27,11,0.303921569,0.348623853,0.401960784,0.750584638,0.329043168,-1.821558698,-0.177712422,11.04077117,2.016822964,0.046666667
고명준,Landers (KBO),1루,72.36748397,-0.68420718,0.013709487,314,335,79,13,0,10,20,1,0,0,0,84,4,2,4,30,40,0.251592357,0.298507463,0.388535032,0.687042495,0.306376669,-12.43384083,-1.947374598,2.65290255,-2.231689702,-0.697916667
박세혁,Dinos (KBO),포수,63.35055297,0.394228688,0.046312021,144,167,35,8,0,1,14,3,1,5,0,43,3,4,0,19,10,0.243055556,0.320987654,0.319444444,0.640432099,0.29321124,-8.220987035,0.823077372,4.25973209,-0.488970123,0.347916667
김병준,Wiz (KBO),중견,126.6173724,0.157197252,0.150530585,14,16,5,0,0,0,2,0,0,0,0,2,0,0,0,8,1,0.357142857,0.4375,0.357142857,0.794642857,0.385585773,0.572038461,0.003756781,7.128571429,0.129510611,0.006666667
도태훈,Dinos (KBO),1루,62.36720632,-0.396349288,-0.079682621,120,152,24,3,0,0,21,6,1,4,0,27,4,1,0,18,11,0.2,0.344594595,0.225,0.569594595,0.291775477,-7.683341086,0.225760787,3.191206709,-0.939245912,-0.316666667
전병우,Lions (KBO),3루,63.04579408,-0.096772239,-0.143438906,100,112,22,4,0,3,10,1,1,0,0,38,3,0,1,13,10,0.22,0.294642857,0.35,0.644642857,0.292766268,-5.559323709,-0.583221039,2.093261597,-0.89184431,0.046666667
김호령,Tigers (KBO),중견,16.35073591,-0.353870544,-0.375953878,48,53,7,2,0,1,5,0,0,0,0,22,1,3,2,10,3,0.145833333,0.226415094,0.25,0.476415094,0.22458781,-5.954949186,-0.58951945,6.777640498,0.134929859,0.022083333
황재균,Wiz (KBO),3루,78.43472397,0.637892838,0.433726171,452,490,120,22,0,12,31,1,1,5,0,88,12,4,6,57,56,0.265486726,0.313402062,0.39380531,0.707207372,0.315235316,-14.19355442,-2.719720189,2.835214075,-3.249463676,0.204166667
최준우,Landers (KBO),2루,132.0956401,0.283479071,0.269312405,25,34,6,2,0,0,9,0,0,0,0,8,0,0,0,2,5,0.24,0.441176471,0.32,0.761176471,0.393584475,1.465767286,0.00697688,2.080952381,-0.47962012,0.014166667
오영수,Dinos (KBO),1루,75.53390105,-0.025315573,0.04551776,30,34,6,0,0,3,2,1,1,0,0,6,0,0,0,4,5,0.2,0.264705882,0.5,0.764705882,0.310999887,-1.117335792,0.003220098,2.664285714,-0.130706707,-0.070833333
김민혁,Bears (KBO),지명,243.3349834,0.15925709,0.182590423,5,8,1,0,0,1,3,0,0,0,0,3,0,0,0,1,2,0.2,0.5,0.8,1.3,0.556002667,1.540218208,0.001610049,1.414285714,-0.115924024,-0.023333333
손성빈,Giants (KBO),포수,60.20000796,0.293217729,-0.060948937,152,170,30,6,2,6,12,3,2,1,0,38,3,0,0,24,21,0.197368421,0.266272189,0.381578947,0.647851137,0.288611197,-9.088076463,0.016637175,5.172725166,-0.038050085,0.354166667
하주석,Eagles (KBO),유격,102.1458755,0.673659967,0.513659967,116,128,35,9,0,1,8,2,0,2,0,27,0,1,2,13,11,0.301724138,0.357142857,0.405172414,0.762315271,0.349855463,0.368938986,-0.97556569,3.636485777,-0.656773628,0.16
최상민,Landers (KBO),우익,23.9265727,-0.097877326,-0.086627326,8,9,1,1,0,0,0,1,0,0,0,3,0,1,1,5,0,0.125,0.222222222,0.25,0.472222222,0.235649128,-0.919635141,-0.396638116,0,0,-0.01125
김준태,Wiz (KBO),포수,92.17530435,0.168947191,0.106447191,25,30,6,2,0,0,5,0,0,0,0,6,0,0,0,6,3,0.24,0.366666667,0.32,0.686666667,0.335297645,-0.315303488,0.004830148,4.141558442,-0.125054755,0.0625
김현종,Twins (KBO),중견,70.55306557,0.067566283,0.062149617,12,13,3,1,0,0,0,1,0,0,0,3,0,0,0,8,2,0.25,0.307692308,0.333333333,0.641025641,0.303727475,-0.514189859,0.001610049,21.41428571,0.484075976,0.005416667
이원석,Eagles (KBO),중견,65.27878208,0.221335248,0.157168581,133,154,31,4,1,0,16,2,1,2,0,32,3,8,2,25,13,0.233082707,0.322368421,0.278195489,0.60056391,0.296026606,-7.182170937,0.429264458,6.666402713,0.62459229,0.064166667
오선진,Giants (KBO),3루,40.42575688,-0.081046684,-0.091046684,16,24,3,1,0,0,2,2,0,4,0,7,0,0,0,0,0,0.1875,0.35,0.25,0.6,0.259739234,-1.920480231,0.003220098,1.414285714,-0.193206707,0.01
김주성,Twins (KBO),유격,112.0516479,0.060577112,0.049327112,6,9,1,0,0,0,3,0,0,0,0,0,0,0,0,1,0,0.166666667,0.444444444,0.166666667,0.611111111,0.36431867,0.145689754,0.002146732,2.664285714,-0.104565365,0.01125
고종욱,Tigers (KBO),좌익,124.6140529,0.139046984,0.172796984,24,27,7,2,0,1,3,0,0,0,0,4,2,0,0,3,4,0.291666667,0.37037037,0.5,0.87037037,0.382660769,0.892661817,0.003756781,-0.482121972,-0.518448764,-0.03375
정준영,Wiz (KBO),우익,35.90836979,-0.366372122,-0.283872122,56,66,11,1,0,0,8,0,0,2,0,15,1,0,0,8,2,0.196428571,0.296875,0.214285714,0.511160714,0.253143494,-5.681791851,0.009660295,2.822684761,-0.466589666,-0.0825
양도근,Lions (KBO),2루,121.7569132,0.212921445,0.205421445,14,18,4,0,1,0,3,0,0,1,0,6,0,0,0,2,1,0.285714286,0.411764706,0.428571429,0.840336134,0.378489121,0.526029196,0.003220098,14.20649351,0.624965156,0.0075
김민성,Giants (KBO),3루,81.31740734,0.123437589,0.088437589,70,84,14,5,0,2,10,3,1,0,0,18,1,0,1,6,8,0.2,0.321428571,0.357142857,0.678571429,0.319444261,-2.107931514,-0.586441137,2.320079573,-0.621251458,0.035
송승환,Dinos (KBO),우익,-11.68797824,-0.055070005,-0.048820005,5,5,1,0,0,0,0,0,0,0,0,1,0,0,0,1,0,0.2,0.2,0.2,0.4,0.183649082,-0.750095396,0.000536683,6.414285714,0.011358659,-0.00625
류승민,Lions (KBO),우익,221.2597235,0.049663246,0.053413246,1,3,0,0,0,0,2,0,0,0,0,1,0,0,0,1,0,0,0.666666667,0,0.666666667,0.523771051,0.488627487,0.001073366,0,-0.105568397,-0.00375
문현빈,Eagles (KBO),2루,90.9161487,0.714098418,0.616181752,212,235,55,12,2,5,19,2,1,1,0,46,8,3,4,25,35,0.259433962,0.324786325,0.405660377,0.730446702,0.333459178,-2.867331753,-1.758108259,3.797277586,-0.962742469,0.097916667
김민수,Lions (KBO),포수,253.435757,0.083078385,0.076828385,3,3,1,0,0,1,0,0,0,0,0,0,0,0,0,1,3,0.333333333,0.333333333,1.333333333,1.666666667,0.570750591,0.618283848,0,0,0,0.00625
홍성호,Bears (KBO),1루,100.5604999,0.05539606,0.08664606,14,15,4,2,0,0,1,0,0,0,0,7,0,1,0,0,1,0.285714286,0.333333333,0.428571429,0.761904762,0.34754069,0.011292936,0.201610049,3.349572198,-0.096442382,-0.03125
이우성,Tigers (KBO),1루,108.1856711,1.489374107,2.343540773,364,410,110,15,1,8,40,3,3,0,0,78,15,7,1,53,52,0.302197802,0.373170732,0.414835165,0.788005897,0.35867404,4.507940889,0.872057318,3.544667737,-2.444590474,-0.854166667
정은원,Eagles (KBO),좌익,66.26809128,0.025612875,0.123112875,64,78,11,3,1,1,13,0,0,1,0,16,0,2,0,10,6,0.171875,0.311688312,0.296875,0.608563312,0.297471076,-3.534073561,0.410196978,7.256703903,0.455005333,-0.0975
양찬열,Bears (KBO),우익,94.51267098,0.027102987,0.042102987,8,12,1,0,0,0,4,0,0,0,0,1,0,0,0,2,1,0.125,0.416666667,0.125,0.541666667,0.338710384,-0.088446838,0.002683415,3.414285714,-0.093206707,-0.015
이영빈,Twins (KBO),우익,134.5073799,0.246588724,0.292838724,35,37,13,1,0,2,0,0,1,1,0,12,0,0,1,8,8,0.371428571,0.361111111,0.571428571,0.932539683,0.397105805,1.714959131,-0.591807968,4.83078063,-0.044763922,-0.04625
최원영,Twins (KBO),좌익,107.3004241,0.093387481,0.137137481,31,35,8,2,0,1,1,3,0,0,0,6,0,6,4,13,5,0.258064516,0.342857143,0.419354839,0.762211982,0.357381509,0.343207051,-1.183869047,16.82934007,0.462036809,-0.04375
박경수,Wiz (KBO),2루,352.3938063,0.120279864,0.119029864,3,3,2,1,0,0,0,0,0,0,0,1,0,0,0,2,1,0.666666667,0.666666667,1,1.666666667,0.715237128,1.017044636,0.000536683,6.414285714,0.022717317,0.00125
이병헌,Lions (KBO),포수,70.21271255,0.310011874,-0.000404793,130,149,31,4,0,1,16,2,0,1,0,47,0,0,0,6,9,0.238461538,0.331081081,0.292307692,0.623388773,0.303230533,-5.961523917,0.023614055,1.982467532,-1.516138064,0.310416667
김대원,Twins (KBO),지명,178.2333418,0.043177191,0.054843858,4,4,2,0,0,0,0,0,0,0,0,1,0,2,1,5,0,0.5,0.5,0.5,1,0.460949149,0.420331501,-0.196101432,17.69927106,0.124208512,-0.011666667
김강민,Eagles (KBO),중견,65.24935298,-0.015971368,-0.052221368,76,87,17,0,0,1,8,3,0,0,0,21,1,0,0,5,7,0.223684211,0.32183908,0.263157895,0.584996975,0.295983637,-4.060899237,0.014490443,1.837566138,-0.82580489,0.03625
김한별,Dinos (KBO),유격,105.9276319,0.261756333,0.214256333,33,38,10,1,0,0,2,3,0,0,0,8,1,0,0,8,2,0.303030303,0.394736842,0.333333333,0.728070175,0.355377125,0.302555387,0.007513563,4.715873016,-0.06750562,0.0475
임병욱,Heroes (KBO),중견,62.82860676,0.038617691,0.000284358,87,92,21,3,0,3,4,0,1,0,0,32,1,1,0,14,10,0.24137931,0.27173913,0.379310345,0.651049475,0.292449158,-4.593426087,0.210196978,4.306022976,-0.213927312,0.038333333
송지후,Heroes (KBO),2루,-137.4682432,-0.026480022,-0.026896689,1,1,0,0,0,0,0,0,0,0,0,0,0,0,0,1,0,0,0,0,0,0,-0.318966891,0,0,0,0.000416667
박민,Tigers (KBO),유격,76.83673327,0.034529183,-0.002970817,29,30,8,4,0,0,1,0,0,0,0,7,0,0,1,5,2,0.275862069,0.3,0.413793103,0.713793103,0.312902124,-0.933385669,-0.594491383,5.255530908,-0.001831115,0.0375
유로결,Eagles (KBO),좌익,50.03605927,-0.197782506,-0.155282506,31,34,7,1,0,0,3,0,0,0,0,10,3,0,1,6,4,0.225806452,0.294117647,0.258064516,0.552182163,0.273771032,-2.281789973,-0.592344651,1.070748299,-0.378690439,-0.0425
정대선,Giants (KBO),2루,-137.4682432,-0.052960045,-0.053793378,2,2,0,0,0,0,0,0,0,0,0,2,0,0,0,0,0,0,0,0,0,0,-0.637933782,0,0,0,0.000833333
박지환,Landers (KBO),2루,87.57394009,0.857772869,0.764022869,205,225,60,9,2,2,12,3,2,3,0,54,3,7,3,30,18,0.292682927,0.337837838,0.385365854,0.723203691,0.328579291,-3.755398489,-0.358250045,6.030475411,0.503877228,0.09375
이호준,Giants (KBO),유격,131.5777318,0.015758278,0.013258278,1,2,0,0,0,0,1,0,0,0,0,0,0,0,0,4,0,0,0.5,0,0.5,0.392828288,0.084830298,0.000536683,0,-0.052784198,0.0025
장규현,Eagles (KBO),포수,41.89574013,-0.005974125,-0.012224125,2,3,0,0,0,0,1,0,0,0,0,0,0,0,0,0,0,0,0.333333333,0,0.333333333,0.261885526,-0.234136593,0.000536683,1.414285714,-0.038641341,0.00625
김재상,Lions (KBO),2루,53.70818006,0.023500279,-0.014416388,84,91,20,4,0,2,5,0,1,1,0,23,0,4,0,13,12,0.238095238,0.277777778,0.357142857,0.634920635,0.279132617,-5.658296658,0.810196978,5.947705944,0.153935802,0.037916667
천성호,Wiz (KBO),2루,87.57399896,1.222893079,1.116643079,234,255,69,8,3,1,18,1,1,1,0,43,5,7,0,40,17,0.294871795,0.346456693,0.367521368,0.71397806,0.328579377,-4.256098122,1.440787913,6.710676821,1.231740998,0.10625
오명진,Bears (KBO),2루,131.5777318,0.014091612,0.013258278,1,2,0,0,0,0,1,0,0,0,0,1,0,0,0,0,1,0,0.5,0,0.5,0.392828288,0.084830298,0.000536683,0,-0.052784198,0.000833333
강민성,Wiz (KBO),1루,-137.4682432,-0.028980022,-0.026896689,1,1,0,0,0,0,0,0,0,0,0,0,0,0,0,0,0,0,0,0,0,0,-0.318966891,0,0,0,-0.002083333
유강남,Giants (KBO),포수,52.98119642,0.011691495,-0.311225172,136,155,26,3,0,5,9,7,1,2,0,25,4,0,0,11,20,0.191176471,0.274509804,0.323529412,0.598039216,0.278071164,-9.789112916,0.018247224,1.640466424,-1.091386027,0.322916667
장규빈,Bears (KBO),포수,20.3825493,-0.013253936,-0.021587269,4,4,1,0,0,0,0,0,0,0,0,1,0,0,0,1,0,0.25,0.25,0.25,0.5,0.230474575,-0.427768031,0.000536683,6.414285714,0.011358659,0.008333333
한경빈,Eagles (KBO),유격,-137.4682432,-0.025646689,-0.026896689,1,1,0,0,0,0,0,0,0,0,0,1,0,0,0,0,0,0,0,0,0,0,-0.318966891,0,0,0,0.00125
주성원,Heroes (KBO),우익,43.2704241,-0.296352107,-0.218852107,55,62,11,1,0,1,6,0,0,1,0,18,2,0,0,7,5,0.2,0.278688525,0.272727273,0.551415797,0.263892672,-4.724341598,0.008050246,1.701984127,-0.572229715,-0.0775
강성우,Giants (KBO),지명,71.44122948,-0.064921837,-0.056171837,2,3,1,0,0,0,0,0,0,1,0,0,0,0,1,0,0,0.5,0.5,0.5,1,0.305024264,-0.115080258,-0.596638116,4.057142857,0,-0.00875
안승한,Bears (KBO),포수,-11.18760921,-0.043067291,-0.053483958,5,5,1,0,0,0,0,0,0,0,0,1,0,0,0,0,0,0.2,0.2,0.2,0.4,0.18437966,-0.746734922,0.000536683,1.414285714,-0.038641341,0.010416667
김병휘,Heroes (KBO),유격,90.27046756,0.190989086,0.138489086,36,42,8,2,0,1,3,3,0,0,0,17,0,0,0,4,2,0.222222222,0.333333333,0.361111111,0.694444444,0.332516433,-0.548884955,0.005903514,3.557142857,-0.172127699,0.0525
정우영,Twins (KBO),P,-137.4682432,-0.026896689,-0.026896689,1,1,0,0,0,0,0,0,0,0,0,1,0,0,0,0,0,0,0,0,0,0,-0.318966891,0,0,0,0
카데나스,Lions (KBO),우익,148.2188107,0.168701112,0.199951112,24,25,8,2,0,2,1,0,0,0,0,6,1,0,1,2,5,0.333333333,0.36,0.666666667,1.026666667,0.417125573,1.619185361,-0.594491383,0.692038844,-0.27518286,-0.03125
박성빈,Heroes (KBO),포수,97.85165501,0.070811051,0.047894384,9,11,2,1,0,0,1,1,0,0,0,2,0,0,0,1,2,0.222222222,0.363636364,0.333333333,0.696969697,0.343585563,-0.031742182,0.001610049,3.914285714,-0.040924024,0.022916667
안익훈,Twins (KBO),좌익,6.966749444,-0.458245635,-0.388245635,49,56,9,1,0,0,4,0,1,2,0,13,2,2,0,8,3,0.183673469,0.240740741,0.204081633,0.444822373,0.210886451,-6.997876733,0.406440197,4.578267399,-0.091019818,-0.07
김태훈,Lions (KBO),우익,20.94490469,-0.152873191,-0.126623191,20,21,4,1,0,0,0,1,0,0,0,3,1,0,0,2,1,0.2,0.238095238,0.25,0.488095238,0.231295658,-2.229919715,0.002146732,3.066946779,-0.088458923,-0.02625
현원회,Landers (KBO),포수,-137.4682432,-0.024813356,-0.026896689,1,1,0,0,0,0,0,0,0,0,0,1,0,0,0,0,0,0,0,0,0,0,-0.318966891,0,0,0,0.002083333
신범수,Landers (KBO),지명,52.09674908,-0.045482176,-0.013398842,10,11,2,1,0,0,0,1,0,0,0,2,0,0,0,1,0,0.2,0.272727273,0.3,0.572727273,0.276779801,-0.707779107,0.001073366,6.414285714,0.022717317,-0.032083333
서예일,Bears (KBO),3루,42.6215858,-0.058670614,-0.067003948,18,20,4,0,0,0,2,0,0,0,0,5,0,0,0,2,1,0.222222222,0.3,0.222222222,0.522222222,0.262945317,-1.541411528,0.003220098,3.080952381,-0.131848048,0.008333333
백두산,Giants (KBO),포수,-137.4682432,-0.024813356,-0.026896689,1,1,0,0,0,0,0,0,0,0,0,1,0,0,0,0,0,0,0,0,0,0,-0.318966891,0,0,0,0.002083333
백승현,Twins (KBO),P,-137.4682432,-0.026896689,-0.026896689,1,1,0,0,0,0,0,0,0,0,0,0,0,0,0,0,0,0,0,0,0,0,-0.318966891,0,0,0,0
문승원,Landers (KBO),P,-137.4682432,-0.026896689,-0.026896689,1,1,0,0,0,0,0,0,0,0,0,1,0,0,0,0,0,0,0,0,0,0,-0.318966891,0,0,0,0
권휘,Bears (KBO),P,-137.4682432,-0.026896689,-0.026896689,1,1,0,0,0,0,0,0,0,0,0,1,0,0,0,0,0,0,0,0,0,0,-0.318966891,0,0,0,0
이상혁,Eagles (KBO),우익,-5.440857802,-0.153042786,-0.141792786,8,9,1,0,0,0,1,0,0,0,0,2,0,3,2,12,0,0.125,0.222222222,0.125,0.347222222,0.192770369,-1.27465163,-0.593276231,36.21753951,0,-0.01125
황대인,Tigers (KBO),1루,72.92666195,-0.007713332,0.006870001,7,7,2,1,0,0,0,0,0,0,0,1,0,0,0,1,3,0.285714286,0.285714286,0.428571429,0.714285714,0.307193113,-0.254553992,0.000536683,3.914285714,-0.027282683,-0.014583333
노진혁,Giants (KBO),유격,50.72593391,-0.173913146,-0.360163146,130,149,28,6,0,2,13,1,2,2,1,36,1,0,0,11,11,0.215384615,0.292517007,0.307692308,0.600209314,0.274778303,-9.861539892,0.018247224,2.257572862,-1.208338794,0.18625
최민창,Landers (KBO),우익,-137.4682432,-0.084440067,-0.080690067,3,3,0,0,0,0,0,0,0,0,0,1,0,0,0,2,0,0,0,0,0,0,-0.956900673,0,0,0,-0.00375
전준호,Twins (KBO),포수,-137.4682432,-0.024813356,-0.026896689,1,1,0,0,0,0,0,0,0,0,0,1,0,0,0,0,0,0,0,0,0,0,-0.318966891,0,0,0,0.002083333
김시앙,Heroes (KBO),포수,-46.31592628,-0.086799023,-0.101382357,7,7,1,0,0,0,0,0,0,0,0,1,0,0,0,1,0,0.142857143,0.142857143,0.142857143,0.285714286,0.133089553,-1.37571891,0.000536683,6.414285714,0.011358659,0.014583333
최주환,Heroes (KBO),1루,79.01703296,-0.491946203,0.52888713,431,490,104,18,0,12,43,6,8,0,2,85,11,0,1,43,72,0.241299304,0.316326531,0.366589327,0.682915858,0.316085533,-13.81029782,-0.531162781,1.69778154,-4.869668096,-1.020833333
김성진,Twins (KBO),지명,8.718646797,-0.089041416,-0.065708083,7,8,1,0,0,0,1,0,0,0,0,3,0,0,0,0,0,0.142857143,0.25,0.142857143,0.392857143,0.213444359,-0.980871515,0.001073366,1.414285714,-0.077282683,-0.023333333
최명경,Twins (KBO),3루,72.99948014,0.00155942,0.00030942,3,3,1,0,0,0,0,0,0,0,0,1,0,0,0,0,0,0.333333333,0.333333333,0.333333333,0.666666667,0.307299433,-0.10880114,0.000536683,1.414285714,-0.038641341,0.00125
강진성,Landers (KBO),지명,16.64736034,-0.292973623,-0.202556957,27,31,5,0,0,0,3,0,0,1,0,5,0,0,0,4,2,0.185185185,0.266666667,0.185185185,0.451851852,0.225020905,-3.4707323,0.004293465,3.914285714,-0.109130731,-0.090416667
장준원,Wiz (KBO),유격,17.09870068,-0.10198749,-0.12448749,14,18,1,0,0,0,4,0,0,0,0,5,0,0,0,1,0,0.071428571,0.277777778,0.071428571,0.349206349,0.225679897,-2.004351605,0.002683415,2.414285714,-0.143206707,0.0225
류효승,Landers (KBO),지명,-137.4682432,-0.059626712,-0.053793378,2,2,0,0,0,0,0,0,0,0,0,0,0,0,0,0,0,0,0,0,0,0,-0.637933782,0,0,0,-0.005833333
김범석,Twins (KBO),지명,80.54166326,-0.263929715,0.234820285,154,171,38,4,0,6,11,2,2,0,2,47,3,0,0,13,24,0.246753247,0.30994152,0.38961039,0.69955191,0.318311613,-4.46932453,0.022004006,1.379582908,-1.754476622,-0.49875
안치영,Wiz (KBO),중견,29.28994407,-0.238959607,-0.258959607,44,48,11,0,0,0,2,0,0,2,0,12,0,0,1,12,3,0.25,0.282608696,0.25,0.532608696,0.243480072,-4.558925381,-0.590197919,6.607813467,0.159527234,0.02
김주형,Heroes (KBO),유격,27.4278905,-0.155784163,-0.187034163,20,25,3,0,0,0,1,3,0,1,0,9,0,0,1,0,2,0.15,0.291666667,0.15,0.441666667,0.240761327,-2.436967973,-0.593418017,2.279898494,-0.089955641,0.03125
김수윤,Dinos (KBO),1루,42.12121677,-0.060007402,-0.039174069,9,10,2,0,0,0,1,0,0,0,0,4,0,0,0,0,0,0.222222222,0.3,0.222222222,0.522222222,0.262214739,-0.777426711,0.001610049,1.414285714,-0.115924024,-0.020833333
김창평,Landers (KBO),지명,-17.89225432,-0.101776279,-0.075526279,7,9,0,0,0,0,2,0,0,0,0,4,0,1,0,1,0,0,0.222222222,0,0.222222222,0.17459035,-1.425173858,0.201073366,6.220305089,0.018837705,-0.02625
최승민,Twins (KBO),좌익,-7.524340983,-0.532813907,-0.521563907,8,9,1,0,0,0,1,0,0,0,0,2,0,11,7,17,0,0.125,0.222222222,0.125,0.347222222,0.189728319,-1.299838406,-1.979150224,53.01142857,-2.386650436,-0.01125
김규성,Tigers (KBO),유격,150.8941567,0.178412459,0.164662459,8,11,3,1,0,0,2,0,0,1,0,2,0,1,0,5,2,0.375,0.5,0.5,1,0.421031788,0.751970275,0.202146732,8.128571429,0.142507579,0.01375
윤준호,Bears (KBO),포수,20.3825493,-0.013253936,-0.021587269,4,4,1,0,0,0,0,0,0,0,0,1,0,0,0,1,1,0.25,0.25,0.25,0.5,0.230474575,-0.427768031,0.000536683,6.414285714,0.011358659,0.008333333
권동진,Wiz (KBO),2루,42.30838979,-0.019755991,-0.023922658,9,10,2,0,0,0,1,0,0,0,0,2,0,0,0,3,0,0.222222222,0.3,0.222222222,0.522222222,0.262488027,-0.774912607,0.001610049,6.414285714,0.034075976,0.004166667
최경모,Landers (KBO),2루,24.54585743,-0.281036875,-0.301870208,35,50,6,0,0,0,8,0,0,7,0,7,2,6,3,12,0,0.171428571,0.325581395,0.171428571,0.497009967,0.236553332,-5.067493012,-0.584010833,6.485708604,0.132801763,0.020833333
장승현,Bears (KBO),포수,41.16319578,-0.087436526,-0.135353193,20,23,4,2,0,0,2,0,0,1,0,5,0,0,1,1,0,0.2,0.272727273,0.3,0.572727273,0.260815953,-1.817678111,-0.595028066,3.461904762,-0.090825754,0.047916667
김재혁,Lions (KBO),1루,12.40293101,-0.514321484,-0.408071484,46,51,8,2,1,0,3,0,2,0,0,19,2,2,2,6,6,0.173913043,0.215686275,0.260869565,0.47655584,0.218823704,-6.000671007,-0.790056133,7.056334262,0.160012297,-0.10625
김성윤,Lions (KBO),중견,47.53478979,-0.116777611,-0.148860944,63,77,14,2,0,0,8,1,2,3,0,15,1,3,1,13,6,0.222222222,0.310810811,0.253968254,0.564779065,0.270118982,-5.426280104,0.014095546,5.628777555,0.073575119,0.032083333
이재원,Eagles (KBO),포수,51.11468245,-0.06110157,-0.33610157,117,132,30,4,0,0,5,3,4,2,1,15,3,0,0,7,13,0.256410256,0.3,0.290598291,0.590598291,0.275345907,-8.667471806,0.018247224,1.63455564,-1.311791114,0.275
여동건,Bears (KBO),2루,-137.4682432,-0.006480022,-0.006896689,1,1,0,0,0,0,0,0,0,0,0,1,0,1,0,0,0,0,0,0,0,0,-0.318966891,0.2,0,0,0.000416667
원성준,Heroes (KBO),지명,79.82612266,-0.097890847,0.222942486,98,110,25,5,0,2,10,0,1,1,0,33,2,2,0,11,10,0.255102041,0.321100917,0.367346939,0.688447856,0.317266868,-2.980726488,0.415027126,3.142432656,-0.704875773,-0.320833333
장두성,Giants (KBO),중견,29.99822627,0.064222695,0.049639362,30,35,5,0,0,0,3,2,0,0,0,9,2,12,2,19,1,0.166666667,0.285714286,0.166666667,0.452380952,0.244514219,-3.290918709,1.211017234,19.05000477,0.826295096,0.014583333
이명기,Eagles (KBO),지명,-137.4682432,-0.238506846,-0.215173513,7,8,0,0,0,0,0,0,0,1,0,3,0,0,0,0,1,0,0,0,0,0,-2.551735127,0,0,0,-0.023333333
신용석,Dinos (KBO),포수,-137.4682432,-0.049626712,-0.053793378,2,2,0,0,0,0,0,0,0,0,0,0,1,0,0,0,0,0,0,0,0,0,-0.637933782,0,0,0,0.004166667
김수환,Heroes (KBO),지명,-137.4682432,-0.089440067,-0.080690067,3,3,0,0,0,0,0,0,0,0,0,1,0,0,0,0,0,0,0,0,0,0,-0.956900673,0,0,0,-0.00875
김태우,Twins (KBO),2루,-137.4682432,-0.079440067,-0.080690067,3,3,0,0,0,0,0,0,0,0,0,2,0,0,0,0,0,0,0,0,0,0,-0.956900673,0,0,0,0.00125
김도환,Lions (KBO),포수,-137.4682432,-0.074440067,-0.080690067,3,3,0,0,0,0,0,0,0,0,0,1,0,0,0,0,0,0,0,0,0,0,-0.956900673,0,0,0,0.00625
김세훈,Dinos (KBO),유격,-29.84985321,-0.059767503,-0.066017503,4,5,0,0,0,0,1,0,0,0,0,2,0,0,0,0,0,0,0.2,0,0.2,0.157131315,-0.872070375,0.000536683,1.414285714,-0.038641341,0.00625
박민준,Bears (KBO),포수,-137.4682432,-0.074440067,-0.080690067,3,3,0,0,0,0,0,0,0,0,0,1,0,0,0,0,0,0,0,0,0,0,-0.956900673,0,0,0,0.00625
송찬의,Twins (KBO),지명,-4.021421031,-0.225265878,-0.164015878,15,21,1,0,0,0,3,1,1,1,0,6,0,1,0,2,1,0.066666667,0.25,0.066666667,0.316666667,0.194842858,-2.934148857,0.202683415,6.311086463,0.041306665,-0.06125
윤준혁,Wiz (KBO),3루,40.49594783,-0.0415637,-0.048230367,15,16,3,2,0,0,1,0,0,0,0,6,0,0,0,3,0,0.2,0.25,0.333333333,0.583333333,0.259841719,-1.278811668,0.001073366,5.164285714,-0.004565365,0.006666667
김동헌,Heroes (KBO),포수,110.0835303,0.051496995,0.036913662,5,7,1,0,0,0,1,1,0,0,0,0,0,0,0,0,1,0.2,0.428571429,0.2,0.628571429,0.361445063,0.09480925,0.001610049,1.414285714,-0.077282683,0.014583333
안현민,Wiz (KBO),좌익,69.32698981,0.019839761,0.052339761,23,26,5,0,1,1,1,1,1,0,0,8,0,0,0,4,2,0.217391304,0.269230769,0.434782609,0.704013378,0.301937308,-1.071198147,0.002683415,11.11666667,0.291912341,-0.0325
양우현,Lions (KBO),2루,-101.5954466,-0.332816027,-0.339066027,13,15,0,0,0,0,1,0,0,1,0,6,1,0,0,0,1,0,0.071428571,0,0.071428571,0.052377105,-4.061739284,0.000536683,-2.667346939,-0.079457668,0.00625
박영빈,Dinos (KBO),좌익,269.9978514,0.177490963,0.186240963,6,7,3,2,0,0,1,0,0,0,0,3,0,2,1,3,1,0.5,0.571428571,0.833333333,1.404761905,0.594932552,1.598385526,-0.196101432,8.949271061,0.110125536,-0.00875
이진영,Eagles (KBO),중견,46.40185766,-0.216149609,-0.245316276,61,70,11,4,0,0,7,2,0,0,0,19,2,0,1,9,8,0.180327869,0.285714286,0.245901639,0.531615925,0.268464812,-5.039504572,-0.588587869,3.366241497,-0.325070319,0.029166667
김민식,Landers (KBO),포수,56.19394525,0.025492709,-0.237007291,106,126,22,5,0,1,16,0,0,4,0,33,2,0,0,10,10,0.20754717,0.31147541,0.283018868,0.594494278,0.28276203,-7.413866347,0.017173858,1.836851137,-1.273380423,0.2625
강태율,Giants (KBO),포수,-137.4682432,-0.148880135,-0.161380135,6,6,0,0,0,0,0,0,0,0,0,2,0,0,0,0,0,0,0,0,0,0,-1.913801345,0,0,0,0.0125
조형우,Landers (KBO),포수,68.06146927,0.107498406,0.034581739,30,35,7,0,0,0,1,4,0,0,0,5,0,0,0,4,4,0.233333333,0.342857143,0.233333333,0.576190476,0.300089548,-1.501492072,0.006440197,6.414285714,0.090869269,0.072916667
홍현빈,Wiz (KBO),우익,70.25692632,0.051214557,0.078714557,18,22,4,0,1,0,3,0,0,1,0,7,0,0,0,5,2,0.222222222,0.333333333,0.333333333,0.666666667,0.303295088,-0.878918475,0.003220098,13.31904762,0.562843944,-0.0275
김재현,Heroes (KBO),포수,44.44905287,-0.350919705,-0.994669705,272,309,65,10,0,0,13,10,5,9,0,59,8,1,1,25,26,0.238970588,0.293333333,0.275735294,0.569068627,0.265613563,-23.05632117,-0.355313519,2.700416784,-1.985062358,0.64375
김동진,Lions (KBO),2루,-25.35127088,-0.48911687,-0.50661687,37,42,4,0,0,1,3,0,0,2,0,10,1,0,0,5,2,0.108108108,0.175,0.189189189,0.364189189,0.163699599,-7.071606684,0.003220098,3.648717949,-0.097782114,0.0175
김범준,Dinos (KBO),좌익,-137.4682432,-0.140733445,-0.134483445,5,5,0,0,0,0,0,0,0,0,0,2,1,0,0,0,0,0,0,0,0,0,-1.594834455,0,0,0,-0.00625
김재성,Lions (KBO),포수,53.15122246,-0.006876129,-0.054792796,20,23,4,1,0,0,3,0,0,0,0,5,1,0,0,3,1,0.2,0.304347826,0.25,0.554347826,0.278319415,-1.447325336,0.003220098,1.652380952,-0.253822723,0.047916667
공민규,Lions (KBO),3루,28.66190044,-0.081658692,-0.088742025,14,17,1,0,0,1,1,2,0,0,0,9,1,0,0,1,2,0.071428571,0.235294118,0.285714286,0.521008403,0.242563079,-1.628960385,0.001610049,-5.728571429,-0.110069913,0.007083333
김호진,Lions (KBO),3루,-58.26559253,-0.461665871,-0.474165871,27,30,2,0,0,0,1,1,1,0,0,10,1,0,0,4,3,0.074074074,0.133333333,0.074074074,0.207407407,0.115642101,-6.377461251,0.002146732,9.733613445,0.133655808,0.0125
김두현,Tigers (KBO),유격,-137.4682432,-0.051293378,-0.053793378,2,2,0,0,0,0,0,0,0,0,0,0,0,0,0,0,0,0,0,0,0,0,-0.637933782,0,0,0,0.0025
함창건,Twins (KBO),좌익,0.119417972,-0.174952466,-0.153702466,14,17,2,0,0,0,2,0,0,1,0,3,1,0,0,3,0,0.142857143,0.25,0.142857143,0.392857143,0.200888809,-2.28070992,0.002146732,2.566883117,-0.108461469,-0.02125
최항,Giants (KBO),2루,55.71615813,-0.193511149,-0.253094483,132,143,33,3,1,0,10,1,0,0,0,32,3,0,1,17,12,0.25,0.307692308,0.287878788,0.595571096,0.282064423,-8.505921974,-0.575707476,3.851478469,-0.599315378,0.059583333
한승택,Tigers (KBO),포수,117.4129389,0.054524254,0.039940921,6,7,2,0,0,0,1,0,0,0,0,0,0,0,0,0,1,0.333333333,0.428571429,0.333333333,0.761904762,0.372146576,0.163723184,0.001610049,1.414285714,-0.115924024,0.014583333
김건형,Wiz (KBO),우익,-31.96763168,-0.354692209,-0.323442209,24,25,3,1,0,0,1,0,0,0,0,8,0,0,0,2,1,0.125,0.16,0.166666667,0.326666667,0.154039192,-4.431466773,0.001610049,3.914285714,-0.054565365,-0.03125
임종찬,Eagles (KBO),중견,38.75748873,-0.185019792,-0.211686459,57,64,9,3,2,0,6,1,0,0,0,19,2,0,1,10,7,0.157894737,0.25,0.280701754,0.530701754,0.257303432,-5.264692749,-0.591271285,9.129130157,0.539099444,0.026666667
박시원,Dinos (KBO),중견,42.11870987,-0.286755317,-0.34258865,119,134,24,2,1,2,13,0,0,2,0,41,2,2,0,15,12,0.201680672,0.28030303,0.285714286,0.566017316,0.262211079,-10.41796914,0.417173858,4.921016377,-0.125091214,0.055833333
정현승,Landers (KBO),우익,36.53723293,-0.133797381,-0.098797381,26,28,6,0,0,0,2,0,0,0,0,5,0,1,0,0,3,0.230769231,0.285714286,0.230769231,0.516483516,0.254061684,-2.386805892,0.204293465,2.710152545,-0.205461384,-0.035
이학주,Giants (KBO),유격,79.45790623,0.346961561,0.215711561,95,105,25,2,2,2,6,2,0,2,0,44,0,0,1,13,4,0.263157895,0.32038835,0.389473684,0.709862034,0.316729243,-2.897170619,-0.582684356,6.660457655,0.386970586,0.13125
김동엽,Lions (KBO),지명,-35.19860416,-0.34159193,-0.28034193,18,21,2,1,0,0,0,1,1,0,1,5,0,0,0,1,2,0.111111111,0.19047619,0.166666667,0.357142857,0.149321718,-3.813568646,0.001073366,3.914285714,-0.040924024,-0.06125
송민섭,Wiz (KBO),우익,134.1315163,0.110807689,0.132057689,12,17,3,0,0,0,3,2,0,0,0,6,0,0,1,7,0,0.25,0.470588235,0.25,0.720588235,0.396557015,0.779371588,-0.592881334,10.96015254,0.284086635,-0.02125
박주홍,Heroes (KBO),좌익,-4.170313837,-0.431495422,-0.375245422,39,45,4,1,0,0,6,0,0,0,0,13,1,2,0,4,1,0.102564103,0.222222222,0.128205128,0.35042735,0.194625463,-6.296461499,0.404830148,4.170191183,-0.110822866,-0.05625
김성우,Twins (KBO),포수,-137.4682432,-0.124066779,-0.134483445,5,5,0,0,0,0,0,0,0,0,0,4,0,0,0,0,0,0,0,0,0,0,-1.594834455,0,0,0,0.010416667
김성욱,Dinos (KBO),중견,66.38619479,0.365278697,0.209028697,324,375,65,8,2,16,28,15,5,3,0,77,7,10,4,50,59,0.200617284,0.290322581,0.385802469,0.67612505,0.297643516,-16.93124962,-0.344691183,6.122567482,0.616227774,0.15625
박준형,Heroes (KBO),포수,-137.4682432,-0.124066779,-0.134483445,5,5,0,0,0,0,0,0,0,0,0,3,0,0,0,0,0,0,0,0,0,0,-1.594834455,0,0,0,0.010416667
김민수,Twins (KBO),유격,-40.01031654,-0.165437697,-0.180437697,11,12,1,0,0,0,1,0,0,0,0,3,1,0,0,0,0,0.090909091,0.166666667,0.090909091,0.257575758,0.14229624,-2.256739078,0.001073366,-2.157142857,-0.148711254,0.015
이창용,Lions (KBO),1루,-38.90798746,-0.212259492,-0.185176158,13,13,2,0,0,0,0,0,0,0,0,1,0,0,0,0,0,0.153846154,0.153846154,0.153846154,0.307692308,0.143905727,-2.425552266,0.001073366,1.414285714,-0.077282683,-0.027083333
김찬형,Landers (KBO),2루,-137.4682432,-0.238320202,-0.242070202,9,9,0,0,0,0,0,0,0,0,0,4,0,0,0,0,0,0,0,0,0,0,-2.870702018,0,0,0,0.00375
서동욱,Giants (KBO),포수,-11.91739291,-0.163368577,-0.207118577,20,21,3,1,0,0,0,1,0,0,0,5,0,0,0,2,0,0.15,0.19047619,0.2,0.39047619,0.183314118,-3.156871798,0.001610049,6.414285714,0.034075976,0.04375
김재호,Bears (KBO),유격,91.6512195,0.465935529,0.318435529,98,118,28,5,0,0,14,1,1,4,0,19,3,0,0,13,5,0.285714286,0.377192982,0.336734694,0.713927676,0.33453244,-1.323259792,0.020393957,1.91466061,-1.412778879,0.1475
박민석,Wiz (KBO),2루,-2.503131079,-0.161335651,-0.167168984,14,14,3,0,0,0,0,0,0,0,0,7,0,0,1,6,0,0.214285714,0.214285714,0.214285714,0.428571429,0.197059681,-1.927548139,-0.595564749,12.8495722,0.151423047,0.005833333
박한결,Dinos (KBO),좌익,77.63852003,0.005188899,0.093938899,65,71,12,1,0,7,6,0,0,0,0,29,1,0,0,8,14,0.184615385,0.253521127,0.523076923,0.77659805,0.314072796,-2.132548701,0.005366831,0.883609494,-0.483429139,-0.08875
강한울,Lions (KBO),3루,-86.21691023,-0.496329284,-0.506745951,21,25,2,0,0,0,0,0,1,3,0,6,1,0,0,1,1,0.095238095,0.090909091,0.095238095,0.186147186,0.074830978,-6.253154957,0.001073366,2.00952381,-0.065377921,0.010416667
박수종,Heroes (KBO),중견,53.25593855,-0.068262018,-0.112012018,89,105,19,4,0,0,11,2,0,3,0,10,3,2,0,17,4,0.213483146,0.31372549,0.258426966,0.572152456,0.278472309,-6.59258608,0.415027126,4.636549098,-0.192561225,0.04375
이주찬,Giants (KBO),3루,30.10968868,-0.094390419,-0.104390419,23,24,4,1,0,1,1,0,0,0,0,9,1,0,0,6,2,0.173913043,0.208333333,0.347826087,0.55615942,0.244676963,-2.253036785,0.001610049,5.466483516,0.007522547,0.01
김민석,Giants (KBO),좌익,30.57638089,-0.447479124,-0.344979124,76,82,16,3,1,0,2,3,0,1,0,20,4,2,1,13,6,0.210526316,0.259259259,0.276315789,0.535575049,0.245358371,-7.646473156,-0.188051186,6.953320459,0.284733104,-0.1025
박계범,Bears (KBO),2루,104.4333827,0.088487806,0.080154473,15,20,3,1,0,0,5,0,0,0,0,7,2,1,0,5,0,0.2,0.4,0.266666667,0.666666667,0.353195403,0.119098224,0.203756781,-1.237958649,-0.52131028,0.008333333
김인태,Bears (KBO),좌익,31.86034806,-0.15904127,-0.12654127,23,26,4,0,0,1,2,0,1,0,0,7,1,0,0,3,2,0.173913043,0.230769231,0.304347826,0.535117057,0.247233064,-2.37965131,0.002683415,1.50952381,-0.188444802,-0.0325
고영우,Heroes (KBO),3루,70.51954133,0.204292651,0.083459318,254,290,65,12,2,0,28,1,3,4,0,71,5,0,0,21,35,0.255905512,0.328671329,0.318897638,0.647568966,0.303678527,-11.48344778,0.042934646,2.886061048,-2.224893682,0.120833333
장재영,Heroes (KBO),중견,65.46985699,-0.015232139,-0.054398805,78,94,13,3,0,2,14,2,0,0,0,42,2,0,0,11,6,0.166666667,0.308510638,0.282051282,0.59056192,0.296305591,-4.359797283,0.012880394,1.690135185,-0.897071165,0.039166667
김웅빈,Heroes (KBO),지명,-17.31592699,-0.487171364,-0.388004697,29,34,3,0,0,0,3,1,0,1,0,14,1,0,0,2,2,0.103448276,0.212121212,0.103448276,0.315569488,0.175431834,-5.357669991,0.003756781,1.50952381,-0.226133762,-0.099166667
조용호,Wiz (KBO),우익,52.52406116,-0.465508676,-0.259258676,149,165,37,5,0,0,13,0,0,3,0,25,5,5,1,17,13,0.248322148,0.308641975,0.281879195,0.59052117,0.27740371,-10.52198242,0.42697594,3.752745791,-0.747580287,-0.20625
김대한,Bears (KBO),우익,11.20949915,-0.754758638,-0.647258638,72,86,10,1,0,1,8,2,2,2,0,25,1,1,1,9,7,0.138888889,0.238095238,0.194444444,0.432539683,0.2170812,-10.25663788,-0.387514503,4.475707384,-0.128433994,-0.1075
이원석,Heroes (KBO),지명,66.92057471,-0.38694303,-0.069026364,91,109,20,4,0,0,14,2,2,0,0,18,2,0,0,5,8,0.21978022,0.330275229,0.263736264,0.594011493,0.298423753,-4.843112077,0.017173858,1.412756849,-1.314325419,-0.317916667
안주형,Lions (KBO),2루,26.7441844,-0.748064728,-0.814314728,135,159,30,2,0,0,11,1,0,12,0,37,3,4,2,24,8,0.222222222,0.285714286,0.237037037,0.522751323,0.239763062,-15.64513439,-0.372882274,5.085777256,-0.07513061,0.06625
한석현,Dinos (KBO),우익,19.62264329,-0.323627711,-0.269877711,41,43,9,0,0,0,1,1,0,0,0,12,2,2,1,7,3,0.219512195,0.255813953,0.219512195,0.475326149,0.229365052,-4.642396619,-0.191271285,5.110539733,-0.01510921,-0.05375
안상현,Landers (KBO),2루,-2.231835248,-0.686214821,-0.717048154,69,74,12,1,0,0,4,0,0,1,0,14,0,1,1,2,2,0.173913043,0.219178082,0.188405797,0.407583879,0.197455794,-10.16150284,-0.389124553,3.14605884,-0.319854151,0.030833333
김성현,Landers (KBO),2루,65.01401201,0.101051126,0.035634459,132,157,31,3,1,1,15,4,1,5,0,24,7,2,0,20,15,0.234848485,0.328947368,0.295454545,0.624401914,0.295640021,-7.377918627,0.424150738,4.078669807,-0.539887518,0.065416667
예진원,Heroes (KBO),중견,45.67647212,-0.067982123,-0.076732123,19,21,4,1,0,0,2,0,0,0,0,8,1,0,0,2,0,0.210526316,0.285714286,0.263157895,0.54887218,0.267405692,-1.532312438,0.002683415,0.483549784,-0.287692204,0.00875
정보근,Giants (KBO),포수,17.67178543,-0.560920237,-0.810920237,113,120,24,0,1,2,3,0,0,4,0,26,5,0,0,7,6,0.212389381,0.232758621,0.283185841,0.515944461,0.226516646,-13.26997207,0.012880394,1.869977082,-0.852110691,0.25
한동희,Giants (KBO),지명,35.10068466,-0.283076165,-0.178076165,35,36,9,2,0,0,0,0,0,0,1,9,1,0,0,1,3,0.257142857,0.277777778,0.314285714,0.592063492,0.25196421,-3.138214912,0.003756781,0.815384615,-0.446303523,-0.105
이호연,Wiz (KBO),3루,-32.18854884,-0.556091613,-0.57400828,41,43,6,1,0,0,1,0,0,1,0,12,2,0,0,3,0,0.146341463,0.166666667,0.170731707,0.337398374,0.153716636,-7.634882476,0.003220098,1.586699507,-0.258420424,0.017916667
허도환,Twins (KBO),포수,32.19182687,-0.287219776,-0.499719776,78,102,11,2,0,0,9,9,1,5,0,26,4,0,1,10,11,0.141025641,0.298969072,0.166666667,0.465635739,0.247717049,-9.290140485,-0.582684356,4.097509747,-0.224372919,0.2125
김태근,Bears (KBO),좌익,-28.84161073,-0.46326128,-0.42951128,23,27,2,0,0,0,0,3,0,1,0,10,0,0,1,7,1,0.086956522,0.192307692,0.086956522,0.279264214,0.158603429,-4.672614749,-0.594491383,-32.52224687,-0.378006667,-0.03375
임지열,Heroes (KBO),우익,-2.417335062,-0.616938564,-0.545688564,49,57,5,0,0,1,7,0,1,0,0,16,2,0,0,4,5,0.102040816,0.210526316,0.163265306,0.373791622,0.19718495,-7.841305828,0.005903514,0.992207792,-0.471483326,-0.07125
이승원,Heroes (KBO),유격,-41.31726767,-0.531470514,-0.581470514,36,40,4,1,0,0,2,0,0,2,0,12,2,0,0,3,1,0.111111111,0.157894737,0.138888889,0.296783626,0.140387988,-7.592683365,0.002683415,1.533333333,-0.224705191,0.05
한유섬,Landers (KBO),우익,83.10250939,0.36036527,0.94911527,418,471,94,23,0,22,39,8,3,0,3,132,2,0,1,54,81,0.224880383,0.305732484,0.437799043,0.743531527,0.32205065,-10.69013492,-0.545653224,2.780137407,-2.823059156,-0.58875
김인환,Eagles (KBO),좌익,58.5204867,-0.372680083,-0.211430083,119,129,29,2,0,1,9,1,0,0,0,30,4,0,0,11,7,0.243697479,0.302325581,0.285714286,0.588039867,0.286158963,-7.187261196,0.019320591,1.504473304,-1.396360221,-0.16125
오재일,Wiz (KBO),1루,80.73445479,-0.160767539,0.485065794,270,310,63,15,1,11,29,2,9,0,0,85,7,0,0,30,40,0.233333333,0.303225806,0.418518519,0.721744325,0.318593104,-8.022007497,0.035957766,1.990404625,-2.663292329,-0.645833333
이재상,Heroes (KBO),유격,12.61230912,-0.519147169,-0.630397169,84,89,16,1,0,1,2,2,0,1,0,33,0,0,0,7,5,0.19047619,0.227272727,0.238095238,0.465367965,0.219129413,-10.44672918,0.009660295,3.414285714,-0.316902802,0.11125
전의산,Landers (KBO),1루,-35.70252982,-1.056663513,-0.925413513,57,63,5,0,0,1,5,0,1,0,0,15,3,0,1,3,3,0.087719298,0.158730159,0.140350877,0.299081036,0.148585947,-11.48334887,-0.592344651,1.172899729,-0.328441609,-0.13125
하재훈,Landers (KBO),우익,78.56194162,0.440958004,0.800958004,263,288,68,17,0,9,17,1,5,2,0,81,5,13,1,36,33,0.258555133,0.300699301,0.425855513,0.726554814,0.315421064,-8.293121015,2.035026186,5.101986335,-0.132325134,-0.36
